<?xml version="1.0" encoding="UTF-8"?> 
                 <!DOCTYPE nitf SYSTEM "http://www.nitf.org/IPTC/NITF/3.3/specification/dtd/nitf-3-3.dtd">
                 <nitf change.date="June 10, 2005" change.time="19:30" version="-//IPTC//DTD NITF 3.3//EN">
                 <head>
                 <title>Swedish Pledges</title>
                 <meta content="1" name="publication_day_of_month"/>
                 <meta content="11" name="publication_month"/>
 <meta content="2021" name="publication_year"/><meta content="Thursday" name="publication_day_of_week"/>
                 <meta content="National Desk" name="dsk"/>
                 <meta content="8" name="print_page_number"/>
                 <meta content="1" name="print_section"/>
                 <meta content="3" name="print_column"/>
                 <meta content="U.S.; Washington" name="online_sections"/>
                 </head>
                 <body>
                 <body.content>
Ladies and Gentlemen, It is an honor to address you today. Let me start by stating the obvious: we are running out of time and we need to act now. 
 
In Greece, as in many other countries, we are already getting a glimpse of the dramatic effects of global warming. Having experienced a record- breaking streak of days with temperatures over 40 degrees, we had to deal with forest fires of unprecedented intensity. To tackle such challenges we created a Climate Crisis Ministry. We emphasize the term Climate Crisis because we are already in need of urgently addressing the consequences of climate change. But we also need to act preemptively. Think big, act fast and lead by example is my political credo. Greece, despite its small carbon footprint can make a significant contribution in the green transition that goes beyond our ambitious European goals of reducing emissions by 55% by 2030.
 
Let me highlight 6+1 initiatives starting from shipping: 
The Greek-owned commercial fleet is a maritime superpower, accounting for 20% of the global fleet. We are taking the lead in proposing solutions for the decarbonisation of maritime transport. The availability of mature technologies is key to this process, hence our proposal for an EU Research Centre for Alternative Marine Fuels and Technologies.
 
Moving to tourism, the climate crisis poses a big threat to Mediterranean tourist destinations. Our pioneering GR-eco strategy will eliminate more than 10 million tons of CO2 by gradually turning our islands into 100% green and energy autonomous destinations.
Renewables. Beyond traditional wind and solar, we aim to be leaders in off-shore wind with an installed base of 2 GW by 2030. We also want to be innovators in pumped-storage hydroelectricity, taking advantage of the country�s unique geomorphology. 
 
Phasing-out coal. We are transitioning to low-carbon electrification at a faster pace than most European countries. Greece will be lignite free the latest by 2028 while all old lignite units will be phased out by 2023.

</body.content>
                     </body>
                     </nitf>