<?xml version="1.0" encoding="UTF-8"?> 
                 <!DOCTYPE nitf SYSTEM "http://www.nitf.org/IPTC/NITF/3.3/specification/dtd/nitf-3-3.dtd">
                 <nitf change.date="June 10, 2005" change.time="19:30" version="-//IPTC//DTD NITF 3.3//EN">
                 <head>
                 <title>Swedish Pledges</title>
                 <meta content="1" name="publication_day_of_month"/>
                 <meta content="11" name="publication_month"/>
 <meta content="2021" name="publication_year"/><meta content="Thursday" name="publication_day_of_week"/>
                 <meta content="National Desk" name="dsk"/>
                 <meta content="8" name="print_page_number"/>
                 <meta content="1" name="print_section"/>
                 <meta content="3" name="print_column"/>
                 <meta content="U.S.; Washington" name="online_sections"/>
                 </head>
                 <body>
                 <body.content>
10 November 2021
I will focus today on climate justice, which is an important but sometimes overlooked aspect of the climate crisis.
This is because the causes and effects of climate change, as well as the actions needed to address them, are inextricably linked to issues of fairness, justice and the rule of law.
First, fair, effective and equitable laws and institutions can promote international cooperation, facilitate technology transfer and development, and unlock private investment to support sustainable adaptation and resilience in developing countries.
 Excellencies,
It is a pleasure to address this Conference of the Parties on behalf of the International
Development Law Organization, the only global intergovernmental organisation exclusively devoted to promoting the rule of law to advance peace and sustainable development.
Drawing on IDLO�s three decades of experience, allow me to share three quick points on why applying a justice lens to climate action can catalyse progress towards a more just, green and sustainable future.
Second, people-centred justice systems can empower the most vulnerable, including women, youth, indigenous peoples and climate migrants - who have contributed least to the problem, while being most affected by it - to participate in decision-making and claim their environmental rights.
Third, the rule of law can serve as a powerful enabler for the institutional and policy
transformations needed to address the complex transversal effects of climate change in areas such as conflict and migration, food and nutrition, health, and gender equality.
Through our country programmes, research and global policy advocacy, IDLO pledges to work with you all to promote a greener and more just world through the rule of law.

</body.content>
                     </body>
                     </nitf>