<?xml version="1.0" encoding="UTF-8"?> 
                 <!DOCTYPE nitf SYSTEM "http://www.nitf.org/IPTC/NITF/3.3/specification/dtd/nitf-3-3.dtd">
                 <nitf change.date="June 10, 2005" change.time="19:30" version="-//IPTC//DTD NITF 3.3//EN">
                 <head>
                 <title>Swedish Pledges</title>
                 <meta content="1" name="publication_day_of_month"/>
                 <meta content="11" name="publication_month"/>
 <meta content="2021" name="publication_year"/><meta content="Thursday" name="publication_day_of_week"/>
                 <meta content="National Desk" name="dsk"/>
                 <meta content="8" name="print_page_number"/>
                 <meta content="1" name="print_section"/>
                 <meta content="3" name="print_column"/>
                 <meta content="U.S.; Washington" name="online_sections"/>
                 </head>
                 <body>
                 <body.content>
Excellences,
2.4 is not 1.5.
1.8 is not 1.5.
Therefore, we need to hurry. Therefore, every action counts
The Nordic countries are committed to ambitious climate goals at home and globally.
Our vision is to become the most sustainable and integrated region in the world and enhance the green transition of our societies.
The Nordic Council of Ministers is focusing on realizing this vision.
This requires ambitious climate policies, upscaling of climate technologies and investments in new solutions.
We in the Nordics have a specific challenge in our consumption based emissions and therefore we are now focusing on this area as well.
Because we in the Nordics have a special responsibility. For ourselves and the world.
We are increasing our efforts.
Last week�s announcement by Nordic and UK pension funds to invest 130 billion US dollars in climate initiatives is a significant step.
By being present here at the COP26, the Nordic Council of Ministers wishes to provide an arena for dialogue on a just, green transition.
This dialogue is ongoing in our pavilion right now.
We want to learn from your successes and we want to share our own.
A special focus has been to include young voices and to be transparent with all concerned people that are situated outside the blue zone of the negotiations.
We are committed to take on the challenge to speed up the transition.
Let us all do it together.
</body.content>
                     </body>
                     </nitf>