<?xml version="1.0" encoding="UTF-8"?> 
                 <!DOCTYPE nitf SYSTEM "http://www.nitf.org/IPTC/NITF/3.3/specification/dtd/nitf-3-3.dtd">
                 <nitf change.date="June 10, 2005" change.time="19:30" version="-//IPTC//DTD NITF 3.3//EN">
                 <head>
                 <title>Swedish Pledges</title>
                 <meta content="1" name="publication_day_of_month"/>
                 <meta content="11" name="publication_month"/>
 <meta content="2021" name="publication_year"/><meta content="Thursday" name="publication_day_of_week"/>
                 <meta content="National Desk" name="dsk"/>
                 <meta content="8" name="print_page_number"/>
                 <meta content="1" name="print_section"/>
                 <meta content="3" name="print_column"/>
                 <meta content="U.S.; Washington" name="online_sections"/>
                 </head>
                 <body>
                 <body.content>
Mr. President, Excellencies,
Ladies and gentlemen,
At the outset, on behalf of the government of the Lao PDR, I would like to express our sincere appreciation to the Government of the United Kingdom, in partnership with Italy, for their great effort to host this meaningful Conference despite challenges caused by the on-going COVID- 19 pandemic.
Mr. President,
Early this year, the Lao government has revised our Nationally Determined Contribution (NDC) that clearly outlines ambitious targets of the national actions for tackling and mitigating climate change toward achieving net-zero emissions by 2050. We have also set out lofty goals to achieve by 2030 which include, among others, reducing the greenhouse gas emissions by 60 percent, increasing forest cover to 70% of total land area, promoting increased use of renewable and clean energy through a 30% share of electric vehicles, 10% biofuel, and improving water management practices.
In order to translate our NDC into reality, there is a pressing need for adequate financial resources, including enhanced financial and technical support and assistance from the international community especially development partners. It is our firm belief that gaining access to climate finance and other sources of funding is crucial to supporting developing countries, especially LDCs, LLDCs and SIDS to achieve their development goals and commitments made under the Paris Agreement.
Mr. President,
In addition, we have implemented the Safe Clean Climate Resilient Hospital Initiative to further promote low carbon environmentally sustainable technology as well as green procurement and supply. This is the first significant step by the health sector to begin developing plan for implementing low-carbon, resilient health care.
Mr. President,
The Lao PDR has attached great importance to combating climate change. We are committed to implement the Paris Agreement by incorporating its relevant provisions into our National Socio-Economic Development Plan and National Green Growth Strategy while promoting international cooperation and engagement of relevant stakeholders.
Having recognized the paramount importance of promoting clean and renewable energy and the role of forest cover as a pathway to decouple greenhouse gas emissions, the government of Lao PDR has further initiated several measures and policies, including the recent announcement of policy on the use of electric vehicles, the allocation of 16.5 million hectares as forestland to increase forest cover as well as the plan to develop a 600-megawatt wind power plant which is the first cross-border electricity interchange from wind power generation in the region.
Let me conclude by reiterating the Lao PDR�s firm commitment to undertake urgently our common task of combating climate change through vigorously implementing the Paris Agreement in collaboration with all stakeholders and by call for strong political will coupled with concrete actions taken by all Parties to curb the rise in global greenhouse gas emissions and limit global warming to 1.5 degree Celsius as set out in the Paris Agreement. Last but not least, I would like to express my heartfelt gratitude and appreciation to the international community for continued support and assistance to the Lao PDR for our efforts towards the climate change adaptation and mitigation.
I thank you.



</body.content>
                     </body>
                     </nitf>