<?xml version="1.0" encoding="UTF-8"?> 
                 <!DOCTYPE nitf SYSTEM "http://www.nitf.org/IPTC/NITF/3.3/specification/dtd/nitf-3-3.dtd">
                 <nitf change.date="June 10, 2005" change.time="19:30" version="-//IPTC//DTD NITF 3.3//EN">
                 <head>
                 <title>Swedish Pledges</title>
                 <meta content="1" name="publication_day_of_month"/>
                 <meta content="11" name="publication_month"/>
 <meta content="2021" name="publication_year"/><meta content="Thursday" name="publication_day_of_week"/>
                 <meta content="National Desk" name="dsk"/>
                 <meta content="8" name="print_page_number"/>
                 <meta content="1" name="print_section"/>
                 <meta content="3" name="print_column"/>
                 <meta content="U.S.; Washington" name="online_sections"/>
                 </head>
                 <body>
                 <body.content>
Right Honourable, Prime Minister Boris Johnson,
Excellencies, Heads of State and Government,
United Nations Secretary General,
Distinguished Delegates,
1. It is my great pleasure to represent His Excellency, Paul Kagame, President of the Republic of Rwanda, at COP26.
2. I would like to express my appreciation to the United Kingdom for hosting this summit, and to the Government and people of Scotland for your warm hospitality.
3.We are falling short of our duty to both people and the planet if we don�t urgently address climate change.
4.To cut temperatures to below 1.5 degrees, a 45 percent reduction of emissions is required. This calls for immediate, rapid, and largescale reductions in greenhouse gas emissions.
Excellencies,
5.In Rwanda, we have seen firsthand the impact of climate change. Floods, droughts and landslides have damaged livelihoods and property, and tragically, cost too many lives.
6. That is why Rwanda is committed to reducing emissions by 38% in the next decade, and reach Net Zero by 2050.
7. Rwanda looks forward to working with partner states and institutions, to ensure our mitigation and adaptation plans can be effectively implemented, and make impactful contribution to global efforts.
8.I take this opportunity to thank every country that has ratified the Kigali Amendment to the Montreal Protocol, and encourage all remaining parties to do so. If implemented fully, the Amendment could avoid up to 0.4 degrees Celsius of warming by the end of the century.
9.It is also time for us to come together to realize the potential of the Paris Agreement.
10.Let us keep 1.5 alive, scale up timely and ambitious actions, mobilize finance, and complete
the Paris Rulebook so that there are no more delays to climate action.
11. Rwanda pledges its full support for inclusive and transparent negotiations, and for collaboration and dialogue between partners around the world.
I thank you.

</body.content>
                     </body>
                     </nitf>